lemma	acc	dat	BAN	ON	RA	VAL	UL	BA	RÓL	HOZ	BÓL	TÓL	NÁL	VÁ	IG	ÉRT	KÉNT	KOR	SZOR	NKÉNT	ADP	ADV	2	3	4	5	6	7	8	9	10	11	12	13	14	15	16	17	18	19
ad	-0.199579832	-0.082894696	0.018772894	0.015383076	-0.169512036	-0.005892742	-0.008201357	-0.021562471	-0.086501908	-0.034438776	0.013938268	-0.002895389	-0.005679195	0.0	0.002095069	0.061301444	0.005921599	-0.007653061	0.0	0.003714948	0.032570721	0.024984994	1	1	2	4	1	1	4	6	2	6	2	1	3	0	1	1	1	1
alszik	-0.039451011	0.003676337	-0.059184588	-0.03391431	0.015770719	-0.020738415	-0.013506806	-0.000960448	0.0	-0.00309119	0.002610966	0.009003192	-0.000855525	0.0	-0.026275116	0.002610966	0.0	0.001065371	0.0	-0.00309119	0.048631765	0.019245281	1	1	2	2	1	1	1	6	7	6	0	1	3	0	1	2	1	1
bocsát	-0.118250377	-0.026369168	0.027128517	-0.000884173	-0.809101784	0.030956467	-0.05193738	-0.062880325	0.020627243	-0.016227181	0.205471472	0.093493525	0.004171218	-0.002028398	0.011442243	-0.016227181	0.008342435	-0.00811359	0.0	-0.006085193	0.072783065	0.027929474	0	2	1	3	0	5	3	3	4	3	8	5	4	1	0	4	0	0
bír	0.337464964	-0.002366864	-0.059379217	-0.015592235	-0.040236686	-0.273092495	0.024509499	0.0	-0.00591716	-0.002366864	0.00285477	0.006405066	-0.003550296	0.0	-0.030281325	0.0	-0.001183432	-0.002366864	0.0	-0.001183432	-0.041555071	-0.127447317	0	0	0	1	2	0	0	0	0	10	7	11	7	2	10	3	10	10
bírál	0.033031806	0.00509678	0.068125669	0.032428752	0.02361638	0.036494504	-0.247018772	0.0	-0.010738255	0.0	0.009123626	0.010465908	-0.004026846	0.0	0.043478261	-0.028187919	0.01180819	-0.006711409	-0.001342282	0.014492754	-0.073319716	-0.060188698	1	1	3	2	1	1	1	2	7	6	2	1	13	0	1	2	1	1
dönt	0.596473106	-0.006864989	-0.066821199	-0.186058983	-0.007519856	0.015338727	-0.026224355	-0.00928182	-0.585940859	-0.001144165	-0.001272667	0.002159827	-0.003560997	0.0	-0.009153318	0.0	-0.001529672	-0.000128502	0.0	-0.001144165	-0.14855855	0.011360098	0	0	0	1	5	4	7	4	9	8	4	3	9	3	8	10	8	8
dől	-0.00156329	-0.0790749	0.160908548	0.211963768	-0.086679847	-0.021214768	0.027559888	-0.238493724	-0.006170399	-0.054393305	-0.083470504	-0.0561681	0.024387328	0.0	0.015384615	0.002197802	-0.0041841	0.006593407	0.0	0.0	0.102836912	0.016285806	0	1	3	2	1	2	5	2	5	1	10	4	8	6	6	0	6	6
enged	0.171034241	-0.123453758	-0.033656145	-0.018023266	-0.00073671	0.011458189	-0.081568408	-0.080593966	0.000707973	-0.019676945	-0.033253828	0.000674011	-0.002560197	0.0	-0.002560197	0.014590512	-0.000606088	0.009300309	0.0	0.000674011	0.049304697	-0.055809689	0	0	3	2	2	0	1	0	5	2	7	11	7	2	13	9	13	13
esik	-0.013715086	-0.06101977	0.078606695	-0.069024589	-0.19141928	-0.028213592	-0.082447197	-0.098233996	-0.245346481	-0.006622517	-0.004728379	0.251112457	0.002841206	-0.002207506	-0.016556291	0.003154574	0.00599578	-0.000156684	0.0	-0.000156684	0.015835544	-0.038540818	0	1	2	0	1	1	6	2	3	9	2	8	5	14	1	1	1	18
felejt	-0.007038206	0.005805479	-0.067516804	-0.067733364	0.016883366	-0.011927469	-0.045202775	-0.002981867	0.0	0.0	0.00404801	-0.014218009	0.008787346	0.0	-0.009478673	-0.004739336	0.0	0.0	0.0	0.0	-0.034024938	-0.056880367	1	1	2	2	1	1	1	6	7	6	0	1	3	0	1	2	1	1
fogad	0.156584806	0.008842287	-0.086352058	0.007797157	0.03064905	-0.131380155	-0.050866243	-0.014379047	0.023916467	-0.002109705	-0.001040269	-0.012546423	-0.002872893	-0.008438819	-0.000943048	0.003650664	0.005386066	-0.011408933	0.0	0.001152074	0.07173968	-0.050161388	0	0	3	2	2	0	1	0	5	2	7	11	7	2	13	9	13	13
foglal	0.009143534	-0.003778713	0.045957412	0.035181728	0.013095306	0.004620192	-0.028903983	-0.082556951	-0.033379694	0.000643016	0.011310737	0.007492331	-0.005917338	-0.001390821	0.002178317	0.000892284	0.003569138	0.000393748	0.0	-0.001390821	-0.082355313	0.008167102	1	1	3	2	1	1	1	2	2	6	2	1	13	0	1	2	1	1
fogy	-0.062496684	0.024086158	-0.048260739	-0.036571348	-0.034962067	-0.016375758	-0.076608839	0.001821494	-0.018603993	-0.001414752	-0.029904327	-0.002829505	-0.020425487	-0.003236246	0.008099457	-0.003236246	-0.001414752	0.000406741	0.0	-0.001414752	0.011618654	-0.012538243	1	1	2	2	1	1	1	6	7	6	0	1	3	0	1	2	1	1
fér	0.002786731	-0.00456621	0.288124496	0.238198362	-0.049221058	0.013933656	0.091139538	-0.274744829	-0.000889739	-0.278538813	-0.01002216	-0.01458837	0.013816143	0.0	0.007352941	0.0	0.003676471	0.0	0.0	0.003676471	0.077558421	0.126762691	0	1	3	2	1	2	5	2	5	1	10	4	8	6	6	0	6	6
hagy	0.003704986	-0.014199454	-0.103360127	-0.02696563	-0.087955591	0.031821853	-0.062992449	-0.00660231	-0.004235735	-0.001869159	0.013099496	0.001371742	-0.017937772	0.0	-0.000738433	0.009104778	-0.000120508	0.010853429	0.0	0.0	-0.094796354	-0.005994641	1	1	2	2	1	1	1	6	7	6	0	1	3	0	1	2	1	1
hangzik	-0.007182352	-0.093747427	0.244269636	0.296617201	0.004132703	0.029042923	-0.414232964	-0.004531722	0.094741809	0.002219942	0.000433855	0.007708044	-0.00591879	0.0	0.002682298	0.000585862	-0.00400603	0.017357351	0.0	0.0	0.102728534	-0.12905749	0	1	3	2	1	2	5	2	5	1	10	0	12	9	13	9	17	17
határoz	0.759402046	-0.005444532	0.007458694	-0.026089693	0.11852085	-0.073800157	-0.070653029	0.008465775	-0.698064516	0.003587726	0.012053501	0.003587726	0.002014162	0.0	0.003304485	0.0	0.01693155	0.007175452	0.0	-0.002580645	-0.078898505	-0.078804091	0	0	0	1	5	4	7	4	9	8	4	3	9	3	8	10	8	8
helyez	0.069218355	-0.006484343	0.262989202	0.179148089	-0.272561251	-0.011321052	0.013074882	-0.418450934	0.001732913	0.004374921	0.007531814	0.003362848	0.097977947	0.001321004	0.002950939	0.001526958	-0.000291232	-0.002624309	0.0	0.0	-0.130613663	-0.012550342	0	2	3	3	0	2	3	2	2	3	10	4	8	6	6	0	6	6
helyezkedik	0.010830325	0.007220217	0.194080411	0.239528213	-0.679095989	0.000420355	-0.036224717	-0.105978933	-0.006478414	-0.001063251	0.012635379	0.013377182	0.050541516	0.0	-0.010088522	0.001805054	0.027075812	-0.01369863	0.001805054	0.0	0.086617873	-0.117897236	0	2	1	3	0	5	3	3	4	3	8	5	4	1	0	4	0	0
hisz	0.161296085	-0.114144392	-0.234870816	-0.008619727	0.01403497	0.004706237	0.000960229	-0.001540832	0.012494138	-0.001540832	0.01657511	0.002082356	-0.003081664	0.0	0.002166097	0.0	0.005705545	0.0	0.0	0.0	-0.035355396	0.056067305	1	0	2	2	2	0	1	6	7	5	0	1	3	2	1	13	1	1
hoz	-0.151742811	-0.005923339	-0.120952539	-0.086170252	-0.087122052	-0.018823464	-0.022529016	-0.122930066	0.006145117	0.002901604	0.054973387	0.005710801	-0.009351667	0.0	-0.007716049	0.005988024	0.001358394	-0.00154321	0.0	-0.00308642	-0.063604273	0.011467805	1	1	2	4	1	1	4	5	7	5	0	9	3	11	5	13	5	5
indul	-0.003200716	-0.057165474	-0.130727856	-0.100033433	-0.047410911	-0.049126809	0.012266952	-0.006750511	-0.011539294	0.01685907	-0.009277651	-0.020733362	-0.003259715	0.0	-0.005432859	-0.027429791	-0.037356435	-0.012950362	-0.001101322	-0.008810573	0.059284534	0.074265458	1	1	2	2	1	1	1	6	7	5	0	1	3	11	1	13	1	1
indít	-0.015697516	-0.016471016	0.014469014	-0.014560015	-0.107152607	-0.021794522	-0.009191009	-0.011420511	-0.020930021	-0.000773501	0.000546001	-0.012330512	-0.002639003	0.0	-0.0003185	-0.015834016	0.004686505	0.001046501	0.0	-0.002002002	-0.256074256	0.028983529	1	1	2	2	1	1	1	6	2	6	0	1	3	0	1	2	1	1
intéz	-0.497805628	-0.005498647	-0.207038639	-0.108234097	-0.013022869	0.118435961	0.012481791	0.002025574	-0.006159965	-0.342428377	-0.007524221	-0.008888478	-4.16214e-05	-0.002728513	-0.005457026	-0.002067195	-0.012278308	-0.002728513	0.0	0.0	-0.165657733	0.105695193	1	1	2	4	1	1	4	5	6	0	6	9	1	13	7	5	7	7
ismer	0.013303513	0.042611578	0.074101891	0.015836258	-0.003155847	0.13178893	-0.000522961	6.11976e-05	-0.006709477	0.003614828	-0.054500593	-0.005728925	-0.004534182	0.0	-0.004534182	0.004778973	0.000856766	0.001225342	0.0	0.001194743	0.004162824	-0.157105244	1	1	3	2	1	1	5	2	7	6	2	1	13	0	1	2	1	1
jut	-0.005234452	-0.13008722	-0.096019348	0.013073577	-0.125145663	0.011146747	-0.004970846	-0.074629645	-0.015180329	0.068045784	-0.059957698	0.031486212	-0.015891646	0.0	0.23287035	-0.00942285	-0.012320419	0.000617172	0.0	-0.006468795	-0.014780737	0.091065238	1	1	2	2	1	1	1	6	7	6	2	1	3	0	1	13	1	1
jár	-0.034522751	-0.049195107	0.134768118	-0.032317428	-0.001415579	-0.164234519	0.096472972	-0.047493928	0.004591941	-0.00165896	0.001500017	-0.019691453	-0.01689258	0.0	-0.024844659	-0.01523362	0.039827448	0.011446325	0.0	-0.003158977	0.190750555	-0.094332219	0	1	3	2	1	2	5	2	5	1	2	4	12	9	13	9	13	13
játszik	0.113737905	0.00720287	-0.29159915	-0.125417982	0.007600948	0.039962347	-0.000997537	0.004912751	0.001892041	0.003020709	0.001161451	-0.007867894	-0.010158014	-0.001128668	0.000796156	-0.024432622	-0.007502599	-0.033860045	0.004149378	-0.001128668	-0.038313835	0.149831871	1	1	2	2	1	1	1	6	7	5	0	1	3	11	5	13	5	1
jön	0.007297901	-0.0097139	-0.041765469	-0.029207091	0.029609758	-0.008256385	-0.001543555	-0.09512567	-0.028253769	-0.002264569	-0.031834748	-0.004236603	-0.007519884	-0.001386963	-0.001972034	0.010581182	-0.012775198	0.000655624	0.0	-0.000292536	-0.040242564	0.012233147	1	1	2	2	1	1	1	6	7	6	0	1	3	0	1	2	1	1
kap	-0.397326636	-0.005543237	-0.106225239	-0.050556425	-0.136211263	0.023460241	-0.017060561	-0.023281596	-0.029171614	-0.028824834	-0.035671126	-0.114842215	-0.003367976	0.0	-0.012999023	-0.04641082	-0.020911928	0.000152373	0.0	-0.009977827	-0.088749593	0.05467576	1	1	2	4	1	1	4	5	6	0	6	9	1	11	5	5	5	5
kel	-0.073792476	-0.011864985	0.081543357	0.098340721	-0.452199114	0.000221616	0.007279236	-0.007137175	-0.00472781	-0.007137175	0.050198886	0.009546539	0.004778952	0.0	0.019110126	0.140839868	-0.00952381	-0.066666667	0.0	0.004784635	0.107631549	-0.113649278	0	2	1	3	0	5	3	3	4	3	8	5	4	1	0	4	0	0
kerül	0.715715576	-0.021229323	-0.155682893	-0.130948797	-0.349886041	-0.036742783	-0.015119263	-0.401113787	0.002859723	-0.018892807	-0.002659041	-0.007984289	-0.00999828	0.0	-0.006231903	-0.008830022	-0.027658324	-0.014932915	0.0	-0.006102893	-0.208921046	0.03030303	0	0	0	1	2	0	0	0	0	10	1	7	2	5	9	12	9	9
kezd	0.192227443	0.004551637	-0.018569751	-0.037672715	0.015385923	-0.180241724	-0.013268523	-0.202667615	-0.029991345	-0.001120522	0.002094217	-0.003361565	-0.014164941	0.0	0.000216377	-0.011923897	-0.018971593	-0.017271491	0.0	0.0	-0.006777225	0.094718865	0	0	3	2	2	0	1	0	0	2	7	11	7	2	10	3	10	10
képzel	0.419141247	-0.106582077	0.101311566	0.045754728	-0.002130141	0.060498303	0.021289861	-0.027559055	-0.009882929	-0.001968504	-0.001968504	-0.001968504	0.011730205	0.0	-0.001968504	-0.001968504	0.068372319	0.0	0.0	0.0	0.035629344	0.03336643	0	0	0	1	2	0	5	0	0	2	7	11	7	2	2	3	2	2
kér	-0.022996137	-0.017201835	-0.070799131	0.014365041	-0.049734428	-0.008631096	-0.025591502	-0.018348624	-0.020098986	-0.069954128	-0.009777885	-0.09554563	0.002836794	-0.001146789	-0.010321101	0.260140029	-0.006880734	0.00313858	0.0	0.060055529	-0.104840657	0.124154998	1	1	2	2	1	1	1	6	2	6	0	1	3	0	1	2	1	1
készít	0.037251039	-0.01646926	0.021608932	0.023649356	0.020000961	-0.037010787	0.004187245	-0.002719993	-0.125409715	-0.011178572	-0.086840723	-0.002869293	0.002520928	0.0	0.012505105	0.001086281	0.010083711	-0.00138488	0.0	0.003806275	0.015190777	0.033666139	0	1	3	2	1	1	1	6	7	6	2	1	3	0	1	2	1	1
készül	0.001199304	-0.006474475	-0.007894471	-0.031089841	-0.25761703	0.006156679	0.014474879	-0.017843271	-0.046514326	-0.008886955	-0.042077785	-0.007757012	-0.004381053	0.0	0.020533192	0.001157688	0.002356992	-0.001102199	0.0	-0.001116071	0.028305337	0.027827381	0	1	2	2	1	1	1	6	2	6	2	1	3	0	1	1	1	1
költ	-0.016828784	0.006041533	0.022474841	0.020935007	-0.475522534	-0.00837232	-0.00429134	0.0	0.004266097	0.004266097	0.017754367	0.004266097	0.012613174	0.0	0.073609101	-0.00249066	0.001775437	-0.00249066	0.0	-0.0124533	0.057158965	-0.057646999	0	2	1	3	0	5	3	3	4	3	8	5	4	1	0	4	0	0
köszön	-0.547027027	-0.316324324	0.075243243	0.073297297	0.000864865	0.087351351	-0.026810811	0.002594595	-0.001081081	-0.001081081	-0.010810811	0.310918919	0.014918919	-0.001081081	0.008	0.0	0.014918919	0.024	0.0	0.0	0.028972973	0.121513514	1	1	2	4	4	3	2	1	6	0	6	6	1	8	11	16	11	11
követ	0.212985518	-0.002566452	0.093702923	-0.012919725	0.028143512	-0.026177553	-0.031912255	-0.007250293	-0.002566452	-0.002398053	0.012984996	-0.008308987	0.005181205	-0.00117096	-0.015390881	0.003288349	0.004178644	0.012263099	0.0	-5.6133e-05	0.200461335	0.063362392	0	0	3	2	2	0	5	0	5	2	7	11	7	2	13	9	13	13
küld	-0.062253296	0.112454858	0.030753968	0.04047689	-0.074464251	-0.018123093	-0.001926388	-0.090876165	-0.018772221	0.008373926	-0.020842082	0.003224644	-0.002454788	0.0	0.005968128	-2.44954e-05	-0.004717113	-0.003537835	0.0	0.000192464	-0.019279625	-0.012039487	1	1	3	2	1	1	1	2	2	6	2	1	13	0	1	2	1	1
lop	0.272832334	0.012363181	0.101345209	0.132173547	0.007735334	0.001772039	0.005064435	-0.05511811	0.048071046	0.0	0.139287384	-0.009440601	0.0	-0.002624672	0.005203117	0.001956947	0.0	0.001289222	0.0	-0.002624672	0.105397784	-0.046052463	0	0	3	2	2	0	5	0	5	2	7	11	7	2	13	9	13	13
lát	0.092023351	-0.064099157	-0.132332503	-0.044645087	-0.032900594	0.330259644	-0.019931214	-0.004944376	-0.023189571	-0.007416564	-0.000347451	0.013842011	0.000473943	0.001295337	0.035507279	0.007772021	0.004656167	-0.002472188	0.0	0.0	0.018936895	-0.145024882	1	1	2	2	1	1	1	6	7	6	0	1	13	13	1	2	1	1
látogat	-0.345101878	-0.002824859	0.013838748	-0.029166412	0.151813213	0.000795448	-0.038594505	0.120444023	0.013813253	0.049919435	-0.000152971	-0.006904077	0.003610108	-0.001412429	-0.011926615	0.002355749	0.008479675	0.010203145	0.0	-0.002824859	0.060928226	-0.02474046	1	1	2	4	1	1	4	5	6	0	6	9	1	11	5	5	5	5
marad	-0.006012974	-0.042733216	-0.022985875	-0.058709645	-0.061456265	0.041467393	0.007930045	0.001098901	0.008480127	0.00094336	-0.029701944	0.243437575	-0.002975506	0.001098901	-0.043935811	0.002145955	-0.016214166	0.008635668	0.0	0.001098901	-0.009581558	-0.033219945	1	1	2	0	1	1	6	6	3	9	2	8	5	14	1	1	1	18
megy	-0.005161134	-0.019318879	-0.065865096	-0.040024054	-0.069473174	-0.016591765	-0.055512509	-0.076025657	6.56933e-05	0.024879225	0.009153264	0.016935391	-0.003865797	-0.002590674	0.002671527	0.011743938	-0.00388601	0.001320603	0.0	0.00130039	-0.047462555	-0.077423745	1	1	2	2	1	1	1	6	7	6	0	1	3	0	1	2	1	1
mesél	0.304609717	0.081430041	0.044908449	0.007992182	0.007418962	0.024831676	0.01989823	-0.001733754	-0.232351186	0.012084592	0.005685209	0.00732969	-0.001644482	0.0	0.016482406	0.004487086	0.008974172	0.004487086	0.0	-0.00311042	0.0063477	0.056072132	0	0	0	1	2	0	5	0	0	2	7	11	7	2	2	3	2	2
mond	-0.082841003	0.061308043	0.022958126	0.00282442	0.028010987	-0.016583748	0.017076078	-0.003472222	0.082944652	0.003731343	-0.004949212	-0.003472222	-0.002694859	0.0	0.001995232	-0.015365879	-0.003213101	-0.010416667	0.0	0.0	-0.019641376	-0.002694859	1	1	2	2	1	1	1	6	7	6	0	1	13	0	1	2	1	1
múlik	-0.006150062	-0.004920049	-0.015013047	-0.605660356	0.036153165	0.01573726	0.070329115	0.004672897	0.003442885	-0.001230012	0.002212873	0.008115782	-0.001230012	-0.001230012	-0.002460025	0.0	0.004672897	-0.002460025	0.0	-0.001230012	0.102792243	0.160286696	1	1	2	4	1	1	4	6	7	5	0	1	11	7	5	13	16	16
nevez	-0.080880772	-0.409665631	-0.03084755	0.017031131	0.009434054	-0.007421196	-0.019097731	-0.010135135	0.293635555	-8.30549e-05	-0.01021819	0.000960016	-0.001209181	0.001043071	-0.005713685	-0.001126126	0.001043071	-0.003378378	0.0	0.0	-0.003949991	0.045250239	1	1	2	4	4	3	2	1	1	7	11	2	6	4	4	7	4	4
nyer	0.260538894	0.001488854	-0.012707442	-0.052224826	-0.089028718	-0.018789682	-0.042611347	-0.015346955	-0.004223484	0.008690046	-0.014292735	0.004315959	-0.005109927	0.0	0.003638247	0.038456559	0.004391261	0.001187648	0.0	0.001187648	-0.081799783	0.065550533	0	0	0	2	2	0	1	0	0	2	7	11	7	2	2	3	2	2
olvas	0.045312595	-0.000905336	-0.19122434	-0.030562733	0.009704392	-0.054086221	-0.00173438	-0.002512563	-0.13860802	-0.003768844	-0.019541025	-0.001464814	-0.00725795	-0.001256281	-0.002721095	0.00153602	-0.003000834	0.00076801	0.0	-0.001256281	-0.011647305	0.058119545	1	1	2	2	1	1	1	6	7	5	0	1	3	0	1	13	1	1
pusztul	0.001538764	0.008152174	0.157052122	0.093111577	-0.005074646	-0.045115244	-0.065773965	-0.021378994	-0.003896019	0.0	0.024456522	0.029891304	0.013586957	0.002717391	0.005434783	-0.009330801	0.002717391	0.008152174	0.0	0.0	0.188122053	-0.221058146	0	1	3	2	1	2	5	2	5	1	2	4	12	9	13	9	13	13
pusztít	0.552216729	0.000992868	-0.253525693	-0.186780678	-0.004093046	-0.021275734	-0.019289998	0.005025126	0.001985735	0.0	0.030150754	-0.004032258	-0.003039391	0.0	-0.002046523	0.0	0.000992868	0.000992868	0.0	0.0	0.035743232	-0.052216729	0	0	0	1	2	0	0	0	0	10	1	7	2	2	10	3	10	10
rabol	0.1601703	0.0	0.084783087	0.08815973	0.008368201	-0.00822139	-0.075166997	0.0	0.036849446	-0.01754386	-0.009836306	0.03941863	0.012552301	0.0	0.0	0.0041841	0.008368201	0.0	0.0	0.0	0.128092197	-0.025471629	0	0	3	2	2	0	5	2	5	2	7	11	7	2	13	9	13	13
rendel	0.256576941	-0.025318189	0.144564449	0.151262703	-0.02216403	0.00376766	0.005105578	-0.052702178	-0.001947953	-0.068037975	-0.027630083	-0.034324871	0.018009899	-0.001582278	0.025434303	-0.005720812	0.000363941	0.005597765	0.0	0.00109529	0.126791978	-0.010249283	0	0	3	2	2	0	5	0	5	2	7	11	7	2	13	9	13	13
ront	-0.152842292	-0.009758903	-0.01721743	-0.181384649	-0.025587259	-0.020906879	-0.047670869	-0.008529086	-0.006095996	0.001203274	-0.008529086	-0.00486618	0.006042911	-0.00243309	-0.001229816	0.001203274	-0.00729927	0.003636364	0.0	-0.00243309	-0.098712674	-0.032904225	1	1	2	4	1	1	4	5	7	6	0	1	3	11	5	2	5	5
szenved	0.237038855	0.002485349	-0.050208135	0.013393268	0.011531813	0.016502511	0.000930727	-0.001114827	0.0	0.000127847	0.012774488	-0.08271711	0.011659661	-0.001114827	-0.005446289	0.004715003	0.003600176	0.00582983	0.0	0.004587156	0.084118315	-0.019887904	0	0	3	2	2	0	5	0	5	2	7	11	7	2	13	9	13	13
számol	0.314459279	0.066871325	-0.043303122	0.033687425	-0.017412208	-0.440795244	0.033996037	0.002355196	0.001689244	-0.006042296	-0.01510574	-0.0036871	-0.005506286	0.0	0.059675795	0.03074749	0.090065945	-0.002176526	0.0	0.002533866	0.017964461	0.013578923	0	0	0	1	2	0	0	0	0	10	7	11	7	2	10	3	10	10
talál	-0.11369725	-0.141515851	-0.275141717	-0.126991392	-0.106357338	0.034104556	-0.018202813	-0.019458325	0.011425572	-0.004618938	0.00582406	0.003808524	-0.041226118	0.0	-0.000982574	-0.002309469	-0.005773672	-0.001792988	0.0	-0.001154734	-0.084438379	0.073970187	1	1	2	4	1	1	4	5	7	5	0	9	3	11	5	13	5	5
tart	-0.483882771	-0.366527962	-0.157631739	-0.169612943	-0.042676759	-0.056910715	0.015256304	-0.007658643	-0.04595186	-0.003285863	0.032768949	-0.030656096	-0.012042185	0.0	0.476432184	0.001086918	-0.001101266	-0.019693654	0.0	-0.00547046	-0.024224271	0.085974101	1	1	2	4	4	3	2	1	6	0	6	10	1	8	14	11	14	14
telik	-0.010054757	-0.038909347	-0.053146114	-0.032058343	-0.148312466	-0.030138653	-0.097734478	-0.048128342	-0.005486887	0.001197605	-0.065424765	0.021640142	0.001838035	0.0	0.031582824	0.00239521	-0.00281309	-0.000139294	0.0	-0.001336898	0.190945916	0.005895162	1	1	2	2	1	1	1	6	7	6	2	1	3	0	1	1	1	1
temet	-0.042203126	0.00156588	0.186589406	0.021128039	0.013389413	0.022028231	0.05533534	-0.180121639	-0.003184713	0.0	-0.0175424	-0.00399413	0.004750594	0.0	-0.00399413	-0.003184713	0.004750594	-0.015167103	0.0	0.002375297	-0.105942781	-0.020099248	1	1	3	2	1	2	5	2	2	6	10	4	13	0	6	2	6	6
terjed	0.004654036	0.009334168	0.307235938	0.04779303	-0.000130487	-0.049924318	-0.06071994	0.00381022	-0.022635141	0.0	0.018694434	-0.30230353	0.007620439	0.0	-0.407954486	-0.002557545	0.029281278	-0.00511509	0.0	-0.006393862	0.064721541	0.159107121	0	1	3	2	1	2	5	2	5	1	10	4	0	9	15	8	15	15
tesz	-0.20278129	-0.046544458	-0.179519595	-0.071597134	0.010598399	-0.012178677	0.018857986	0.038621997	-0.022524231	-0.002528445	0.032300885	-0.022756005	-0.018963338	-0.303413401	-0.007585335	-0.031605563	0.006552887	-0.00505689	0.0	-0.001264223	-0.016182048	0.144627054	1	1	2	4	1	1	4	5	6	5	6	9	1	11	5	5	5	5
tér	-0.000624029	0.006868142	0.176090901	0.005015199	-0.41443535	0.010842017	0.171473856	-0.028341615	0.012430802	-0.026714547	-0.021473473	0.561395986	0.014038728	0.0	-0.022154928	0.0	-0.001627068	-0.003897307	0.0	0.008816796	-0.094993989	-0.08940836	0	2	1	0	0	5	6	8	3	9	9	8	5	14	12	15	12	18
tölt	-0.236879872	-0.006549129	-0.198578106	-0.050031091	0.006686259	0.368186364	0.013332325	-0.049052268	0.002087683	0.002087683	-0.027111503	0.001378391	-0.022758815	0.0	0.00615429	0.003998042	-0.000709292	0.00095518	0.0	-0.001132503	-0.043973737	-0.057204397	1	1	2	4	1	1	4	5	7	0	6	9	13	13	5	5	5	5
tűnik	-0.000449007	-0.679938661	0.052091412	0.017741838	-0.004069745	0.01567442	0.071564188	-0.005752142	0.074379582	-0.008952556	0.078335696	-0.001824711	-0.004376438	-0.001917381	0.001375704	-0.004020101	0.003571094	0.003571094	0.0	0.001097695	0.022789027	-0.157694069	1	1	2	2	4	3	2	1	1	7	11	2	6	4	4	7	4	4
utasít	0.199198219	0.005570768	0.012640449	0.065212602	-0.450264375	-0.008729896	0.063249457	-0.006440217	-0.000275391	-0.036402763	0.001506782	-0.000594058	-0.000594058	-0.003745318	0.003151261	0.000456362	-0.005389796	0.00210084	0.0	0.0	-0.061809555	0.092102571	0	2	1	3	0	5	3	3	4	3	5	5	4	1	0	4	0	0
utazik	-0.040814874	0.002202588	-0.114115824	-0.153305975	-0.052774172	-0.023248608	-0.028411708	-0.170951803	0.015610737	0.019203551	0.014027888	-0.009580838	0.001101294	-0.001197605	-0.021653197	-0.003689125	-0.001486537	0.008094301	0.0	0.001101294	-0.033738118	0.051530505	1	1	2	2	1	1	1	6	7	5	0	1	3	11	5	13	5	1
vesz	-0.179675064	0.00173462	-0.225692298	-0.336521927	-0.030403774	-0.032014358	-0.054472332	-0.283930803	-0.003775571	-0.007453416	0.013247385	0.151889195	-0.007613159	0.0	-0.010909501	-0.00539931	-0.018092294	-0.012151737	0.0	-0.000971613	-0.130949719	-0.030200806	1	1	2	4	1	1	4	5	7	5	0	9	5	11	5	13	5	5
veszik	-0.113745554	-0.501840644	-0.00742497	-0.038185562	-0.027890435	0.020527859	-0.059462158	-0.212765957	0.008797654	0.0	0.005116366	0.002932551	-0.012478942	0.0	0.0	0.0	0.005865103	0.005865103	0.0	-0.021276596	-0.108691583	0.017408124	1	1	2	4	4	3	2	1	1	7	11	2	6	4	4	7	4	4
veszít	0.261980511	0.003039488	-0.058301394	-0.063361641	0.008216639	-0.004266974	0.001603247	0.001444592	0.001444592	-0.000150304	-0.365106006	0.012608866	-0.010771813	0.0	0.004333776	0.004784689	-0.007281412	-0.000300609	0.0	0.0	-0.101413696	0.02271266	0	0	0	2	2	0	1	0	0	2	7	11	7	2	2	3	2	2
visel	-0.287555253	-0.013872832	-0.095647739	-0.080618837	-0.004522271	-0.01315879	0.09132948	-0.004624277	0.003570214	-0.004624277	-0.009248555	-0.01734104	-0.003468208	0.0	-0.016082965	0.001462088	-0.003366202	-0.019653179	0.0	-0.001156069	0.034410065	0.09115947	1	1	2	4	1	1	4	5	6	0	6	9	1	11	5	5	5	5
visz	-0.005815346	-0.016052069	-0.029035338	-0.022763221	-0.17928235	-0.038429472	0.016569449	-0.170844629	0.019147477	-0.004079907	0.06120304	0.002311947	-6.65202e-05	0.0	-0.014816271	0.002378468	-0.003720698	0.003614265	0.0	0.002391772	-0.020743962	0.015144438	1	1	2	2	1	1	1	6	2	6	2	1	3	0	1	1	1	1
von	0.082106311	-0.003294422	-0.016853456	-0.068674392	-0.021652084	0.015931866	-0.047562552	-0.2137031	0.087614669	-0.003262643	0.136300078	0.460975403	0.003230864	-0.003262643	-0.004925743	-0.006557064	-0.009787928	-0.001631321	0.0	0.0	-0.08917184	0.094945022	1	1	2	0	1	1	6	8	3	9	9	8	5	14	12	6	12	18
választ	-0.103503033	-0.091838128	-0.080309758	-0.092805751	-0.0715032	0.013831669	-0.068882306	-0.017942584	0.010192694	-0.007087988	-0.032207606	0.495348879	-0.005713726	-0.19138756	-0.002392344	-0.001196172	-0.007087988	-0.008373206	0.0	0.0	-0.164308951	-0.084892612	1	1	2	0	1	1	6	8	3	9	9	8	5	12	12	6	12	12
válik	-0.008203072	-0.023809524	-0.050608122	-0.081696628	-0.040748797	0.016079159	0.01754704	-0.003401361	-0.009336859	0.002001009	-0.027744013	0.195359649	0.025945592	-0.902760895	-0.007936508	0.0	-0.008203072	-0.003667925	0.0	0.0	-0.136178818	0.089931688	1	1	2	0	3	6	6	7	8	4	3	12	10	10	3	14	3	3
vállal	-0.120497089	0.01995136	-0.144353961	-0.039570198	0.007067737	-0.009173714	-0.036570974	-0.00373599	-0.00498132	-0.00373599	-0.024398036	-0.00996264	-0.00498132	0.0	-0.001727814	-0.044525438	-0.005972368	0.002744942	0.0	0.005489884	-0.078860034	0.094221278	1	1	2	4	1	1	4	5	7	5	0	1	3	11	5	13	5	5
vár	-0.049669604	-0.008810573	-0.065796098	-0.107819383	-0.235478288	-0.033464443	0.005380743	-0.037743864	-0.010210824	-0.001667716	-0.007174323	0.227690371	-0.01157961	0.0	-0.031670862	0.003838892	-0.005506608	-0.004137823	0.0	-0.003303965	-0.033259912	-0.025928257	1	1	2	0	1	1	6	6	3	9	2	8	5	14	1	1	1	18
végez	0.299309274	0.003691188	-0.041532925	-0.260688217	0.007026429	-0.071597137	0.032206167	-0.003222342	-0.012420519	0.00038574	0.01561934	-0.011649039	-0.002889915	0.0	0.005014622	0.002700181	-0.008426698	0.003691188	0.0	0.00768501	-0.033225399	0.021014998	0	0	0	1	2	0	0	0	0	10	7	11	7	2	10	3	10	10
árul	-0.252037037	0.014722222	-0.185648148	-0.198055556	-0.001574074	0.013888889	-0.043425926	-0.00462963	0.19537037	0.002962963	-0.000555556	-0.013888889	-0.003518519	0.001481481	-0.008611111	-0.099074074	-0.010092593	0.001481481	0.0	-0.009259259	-0.048888889	-0.025185185	1	1	2	4	1	1	4	5	6	0	0	9	1	11	5	5	5	5
ér	0.201323325	-0.007710858	0.092007295	0.013279978	-0.00733255	-0.047728643	-0.02201875	-0.045614035	-0.00618406	-0.01496654	0.00763399	0.001645867	0.014077289	-0.002339181	-0.001505697	0.000238138	-0.005133538	-0.015085609	0.0	0.001645867	0.023337554	0.064637969	0	0	3	2	2	0	5	0	5	2	7	11	7	2	13	9	13	13
ítél	0.03378355	-0.340577175	0.043331706	0.005663083	-0.534257087	-0.003235257	0.134478854	0.001303781	0.006431802	-0.001060445	-0.006449775	-0.004815556	-0.00081711	0.0	-0.006693111	-0.010171704	0.004310911	-0.00081711	0.0	0.0	-0.036304009	0.104209844	0	2	1	3	0	5	3	3	4	3	5	5	4	1	0	4	0	0
üt	-0.001062494	-0.022408964	0.062300782	0.048488361	-0.168695064	-0.011349367	0.039698638	-0.093837535	0.004249976	-0.009079494	-0.007678934	0.251955955	0.016903313	-0.022408964	-0.000676133	-0.009803922	-0.008403361	-0.00280112	0.0	-0.004201681	0.039746933	0.037235584	0	1	2	0	1	1	6	2	3	9	2	8	5	14	1	1	1	18
